roof_points,address,roof_installed,roof_age_years,house_score
12.0,"33 GARDEN STREET, Ramsey NJ 07446",2002-08-06,24,31
12.0,"130 MOMAR DR, Ramsey NJ 07446",2003-07-29,23,30
12.0,"143 MOMAR DRIVE, Ramsey NJ 07446",2003-07-29,23,25
12.0,"16 E OAK STREET, Ramsey NJ 07446",2003-01-08,23,35
12.0,"182 PINE STREET, Ramsey NJ 07446",2002-08-29,23,33
12.0,"38 W CEDAR PL, Ramsey NJ 07446",2003-08-08,23,25
12.0,"458 WYCKOFF AVE, Ramsey NJ 07446",2002-12-19,23,27
12.0,"64 E CEDAR PL, Ramsey NJ 07446",2003-08-08,23,25
12.0,"8 MOMAR DRIVE, Ramsey NJ 07446",2003-07-29,23,71
12.0,"84 MAYFAIR DRIVE, Ramsey NJ 07446",2003-01-20,23,40
12.0,"11 PINE STREET, Ramsey NJ 07446",2003-08-27,22,25
12.0,"191 PINE STREET, Ramsey NJ 07446",2004-08-19,22,31
12.0,"28 LARCH AVENUE, Ramsey NJ 07446",2004-08-06,22,25
12.0,"311 WYCKOFF AVE, Ramsey NJ 07446",2004-05-20,22,25
12.0,"41 HIGHWOOD ROAD, Ramsey NJ 07446",2003-10-03,22,25
12.0,"432 WYCKOFF AVE, Ramsey NJ 07446",2004-07-23,22,27
12.0,"79 SNYDER AVE, Ramsey NJ 07446",2004-02-23,22,52
12.0,"80 CENTER ST, Ramsey NJ 07446",2004-07-14,22,39
12.0,"92 SNYDER AVE, Ramsey NJ 07446",2003-08-22,22,35
12.0,"1 MAYFAIR DR, Ramsey NJ 07446",2005-04-08,21,33
12.0,"134 W OAK ST, Ramsey NJ 07446",2004-10-08,21,28
12.0,"186 FOREST AVE, Ramsey NJ 07446",2005-08-01,21,37
12.0,"47 GARLAND AVE, Ramsey NJ 07446",2005-06-23,21,43
12.0,"60 MAYFAIR DR, Ramsey NJ 07446",2005-04-08,21,25
12.0,"69 FOREST AVENUE, Ramsey NJ 07446",2004-12-07,21,31
12.0,"8 WOODS ROAD, Ramsey NJ 07446",2005-01-17,21,25
12.0,"103 ALDER DR, Ramsey NJ 07446",2006-01-04,20,84
12.0,"42 FOREST AVE, Ramsey NJ 07446",2006-04-28,20,47
12.0,"7 E OAK STREET, Ramsey NJ 07446",2006-06-16,20,31
12.0,"88 ALDER DRIVE, Ramsey NJ 07446",2005-12-27,20,27
8.0,"1 DELWOOD COURT, Ramsey NJ 07446",2007-02-15,19,57
8.0,"101 MAYFAIR DRIVE, Ramsey NJ 07446",2007-01-23,19,36
8.0,"106 MOMAR DRIVE, Ramsey NJ 07446",2007-04-10,19,29
8.0,"12 E OAK ST, Ramsey NJ 07446",2006-10-17,19,23
8.0,"12 RAMSEY AVE, Ramsey NJ 07446",2007-07-06,19,21
8.0,"123 PINE ST, Ramsey NJ 07446",2007-07-06,19,51
8.0,"163 PINE STREET, Ramsey NJ 07446",2007-07-06,19,24
8.0,"166 PINE ST, Ramsey NJ 07446",2007-05-07,19,46
8.0,"21 E CEDAR PL, Ramsey NJ 07446",2006-12-04,19,21
8.0,"239 MOMAR DR, Ramsey NJ 07446",2007-04-04,19,29
8.0,"26 HIGHWOOD RD, Ramsey NJ 06905",2006-10-20,19,21
8.0,"33 RAMSEY AVE, Ramsey NJ 07446",2007-02-15,19,16
8.0,"36 TULIP STREET, Ramsey NJ 07446",2007-07-03,19,31
8.0,"369 WYCKOFF AVE, Ramsey NJ 07446",2006-09-14,19,23
8.0,"387 WYCKOFF AVENUE, Ramsey NJ 07446",2006-11-02,19,23
8.0,"401 WYCKOFF AVE, Ramsey NJ 07446",2006-11-02,19,56
8.0,"50 CENTER ST, Ramsey NJ 07446",2006-12-11,19,21
8.0,"50 TULIP ST, Ramsey NJ 07446",2006-11-02,19,39
8.0,"51 CENTER ST, Ramsey NJ 07446",2006-12-11,19,38
8.0,"51 E CEDAR PL, Ramsey NJ 07446",2007-02-13,19,35
8.0,"6 W CEDAR PLACE, Ramsey NJ 07452",2006-12-11,19,16
8.0,"62 W CEDAR PLACE, Ramsey NJ 07446",2006-12-11,19,16
8.0,"74 MOMAR DR, Ramsey NJ 07446",2007-04-17,19,23
8.0,"77 MAYFAIR DR, Ramsey NJ 07446",2007-04-11,19,33
8.0,"85 FOREST AVE, Ramsey NJ 07446",2007-02-21,19,21
8.0,"9 DELWOOD COURT, Ramsey NJ 07446",2007-02-15,19,36
8.0,"94 ALDER DRIVE, Ramsey NJ 07446",2006-12-05,19,38
8.0,"10 HIGHWOOD RD, Ramsey NJ 07446",2007-08-27,18,37
8.0,"125 CENTER STREET, Ramsey NJ 07446",2008-04-01,18,29
8.0,"299 MOMAR DRIVE, Ramsey NJ 07446",2008-01-30,18,29
8.0,"42 E OAK ST, Ramsey NJ 07446",2008-06-23,18,27
8.0,"520 WYCKOFF AVE, Ramsey NJ 07446",2007-11-13,18,29
8.0,"287 MOMAR DR, Ramsey NJ 07446",2009-04-20,17,36
8.0,"446 WYCKOFF AVENUE, Ramsey NJ 07446",2008-12-29,17,21
8.0,"48 W CEDAR PL, Ramsey NJ 07446",2009-01-26,17,41
8.0,"52 E CEDAR PL, Ramsey NJ 07446",2008-10-03,17,35
8.0,"521 WYCKOFF AVE, Ramsey NJ 07446",2008-11-05,17,20
8.0,"79 PINE ST, Ramsey NJ 07446",2009-04-20,17,21
8.0,"93 SNYDER AVE, Ramsey NJ 07446",2009-01-16,17,28
8.0,"101 MOMAR DRIVE, Ramsey NJ 07446",2010-07-09,16,28
8.0,"11 GARLAND AVE, Ramsey NJ 07446",2009-11-16,16,32
8.0,"15 E OAK ST, Ramsey NJ 07446",2009-09-28,16,23
8.0,"169 SNYDER AVENUE, Ramsey NJ 07446",2010-04-23,16,37
8.0,"328 WYCKOFF AVE, Ramsey NJ 07446",2009-12-04,16,21
8.0,"330 MOMAR DRIVE, Ramsey NJ 07446",2009-10-14,16,31
8.0,"38 GARLAND AVE, Ramsey NJ 07446",2009-11-20,16,21
8.0,"536 WYCKOFF AVE, Ramsey NJ 07446",2009-11-10,16,31
8.0,"11 VAN GELDER CT, Ramsey NJ 07446",2011-03-23,15,46
8.0,"130 FOREST AVE, Ramsey NJ 07446",2011-05-18,15,21
8.0,"38 SKYTOP DR, Ramsey NJ 07446",2011-05-18,15,29
8.0,"482 WYCKOFF AVE, Ramsey NJ 07446",2011-08-03,15,38
8.0,"51 ALDER DR, Ramsey NJ 07446",2011-08-03,15,37
4.0,"105 PINE ST, Ramsey NJ 07446",2012-06-20,14,58
4.0,"106 CENTER ST, Ramsey NJ 07446",2012-06-21,14,24
4.0,"128 FUHRMAN AVE, Ramsey NJ 07446",2012-06-20,14,14
4.0,"183 PINE ST, Ramsey NJ 00446",2012-03-05,14,23
4.0,"26 MAYFAIR DRIVE, Ramsey NJ 07446",2011-10-24,14,32
4.0,"27 CENTER ST, Ramsey NJ 07446",2012-03-19,14,23
4.0,"282 MOMAR DR, Ramsey NJ 07446",2012-03-15,14,17
4.0,"300 WYCKOFF AVE, Ramsey NJ 07446",2012-06-20,14,22
4.0,"33 E OAK ST, Ramsey NJ 07446",2011-09-12,14,35
4.0,"349 WYCKOFF AVE, Ramsey NJ 07446",2011-10-03,14,12
4.0,"40 W OAK STREET, Ramsey NJ 07446",2011-11-03,14,35
4.0,"45 MOMAR DR, Ramsey NJ 07446",2012-03-15,14,34
4.0,"462 WYCKOFF AVE, Ramsey NJ 07446",2011-10-11,14,37
4.0,"53 FOREST AVE, Ramsey NJ 07446",2012-06-20,14,34
4.0,"55 CENTER STREET, Ramsey NJ 07446",2012-03-19,14,55
4.0,"71 W CEDAR PL, Ramsey NJ 98683",2012-03-23,14,27
4.0,"73 CENTER ST, Ramsey NJ 07446",2012-03-19,14,22
4.0,"135 PINE STREET, Ramsey NJ 07446",2013-02-13,13,17
4.0,"17 ROSEWOOD COURT, Ramsey NJ 07446",2013-06-25,13,20
4.0,"21 FOREST AVE, Ramsey NJ 07446",2013-03-12,13,30
4.0,"30 SNYDER AVE, Ramsey NJ 07446",2012-10-23,13,60
4.0,"326 WYCKOFF AVE, Ramsey NJ 07452",2013-02-13,13,17
4.0,"42 TULIP ST, Ramsey NJ 07446",2013-03-25,13,32
4.0,"5 SYCAMORE COURT, Ramsey NJ 07446",2012-12-10,13,96
4.0,"52 ALDER DRIVE, Ramsey NJ 07446",2012-11-13,13,30
4.0,"82 ALDER DRIVE, Ramsey NJ 07446",2012-11-13,13,25
4.0,"91 ALDER DR, Ramsey NJ 07446",2012-11-13,13,19
4.0,"133 ALDER DR, Ramsey NJ 07446",2014-02-04,12,45
4.0,"17 DELWOOD COURT, Ramsey NJ 07446",2014-04-11,12,38
4.0,"2 HIGHWOOD RD, Ramsey NJ 07446",2014-03-31,12,39
4.0,"21 PARK PL, Ramsey NJ 07446",2014-08-12,12,32
4.0,"22 E OAK ST, Ramsey NJ 07446",2014-05-02,12,32
4.0,"295 MOMAR DRIVE, Ramsey NJ 07446",2013-09-19,12,36
4.0,"486 WYCKOFF AVE, Ramsey NJ 07446",2013-12-11,12,24
4.0,"5 ACORN CT, Ramsey NJ 07446",2013-11-22,12,20
4.0,"50 RAMSEY AVE, Ramsey NJ 07446",2014-04-11,12,12
4.0,"58 HIGHWOOD RD, Ramsey NJ 07446",2013-12-09,12,38
4.0,"75 W CEDAR PLACE, Ramsey NJ 07446",2014-04-23,12,27
4.0,"9 WOODS ROAD, Ramsey NJ 07446",2013-12-06,12,17
4.0,"32 WOODS ROAD, Ramsey NJ 07446",2014-12-01,11,38
4.0,"52 E OAK ST, Ramsey NJ 07446",2014-11-13,11,23
4.0,"54 GARLAND AVE, Ramsey NJ 07446",2014-12-24,11,23
4.0,"62 PINE STREET, Ramsey NJ 07446",2014-12-18,11,54
4.0,"1 ROSEWOOD CT, Ramsey NJ 07446",2016-03-15,10,17
4.0,"17 GARDEN STREET, Ramsey NJ 07446",2015-10-01,10,46
4.0,"19 FRANKLIN STREET, Ramsey NJ 07446",2015-11-18,10,28
4.0,"26 ROSEWOOD COURT, Ramsey NJ 07446",2016-03-15,10,38
4.0,"310 WYCKOFF AVE, Ramsey NJ 07446",2015-08-31,10,30
4.0,"61 E CEDAR PL, Ramsey NJ 07446",2015-12-17,10,49
